[
  {
    "city": "Melbourne, AU",
    "startDate": "2026-01-22T00:00:00+11:00",
    "endDate": "2026-01-26T00:00:00+11:00"
  },
  {
    "city": "Sydney, AU",
    "startDate": "2026-07-08T00:00:00+10:00",
    "endDate": "2026-07-12T00:00:00+10:00"
  },
  {
    "city": "Manchester, UK",
    "startDate": "2026-04-17T00:00:00+01:00",
    "endDate": "2026-04-19T00:00:00+01:00"
  },
  {
    "city": "Mexico City, MX",
    "startDate": "2026-01-16T00:00:00-06:00",
    "endDate": "2026-01-19T00:00:00-06:00"
  },
  {
    "city": "Fort Lauderdale, FL",
    "startDate": "2026-01-30T00:00:00-05:00",
    "endDate": "2026-02-01T00:00:00-05:00"
  },
  {
    "city": "Albuquerque, NM",
    "startDate": "2026-01-30T00:00:00-07:00",
    "endDate": "2026-02-01T00:00:00-07:00"
  },
  {
    "city": "Dallas, TX",
    "startDate": "2026-02-13T00:00:00-06:00",
    "endDate": "2026-02-16T00:00:00-06:00"
  },
  {
    "city": "Sacramento, CA",
    "startDate": "2026-02-27T00:00:00-08:00",
    "endDate": "2026-03-01T00:00:00-08:00"
  },
  {
    "city": "Ventura, CA",
    "startDate": "2026-03-13T00:00:00-07:00",
    "endDate": "2026-03-15T00:00:00-07:00"
  },
  {
    "city": "Dodra, Punjab",
    "startDate": "2026-03-21T00:00:00+05:30",
    "endDate": "2026-03-28T00:00:00+05:30"
  },
  {
    "city": "Southington, CT",
    "startDate": "2026-04-03T00:00:00-04:00",
    "endDate": "2026-04-05T00:00:00-04:00"
  },
  {
    "city": "Detroit, MI",
    "startDate": "2026-04-24T00:00:00-04:00",
    "endDate": "2026-04-26T00:00:00-04:00"
  },
  {
    "city": "Montreal, QC",
    "startDate": "2026-05-01T00:00:00-04:00",
    "endDate": "2026-05-03T00:00:00-04:00"
  },
  {
    "city": "Porterville, CA",
    "startDate": "2026-05-01T00:00:00-07:00",
    "endDate": "2026-05-03T00:00:00-07:00"
  },
  {
    "city": "Winnipeg, MB",
    "startDate": "2026-05-15T00:00:00-05:00",
    "endDate": "2026-05-18T00:00:00-05:00"
  },
  {
    "city": "Fairfax, VA",
    "startDate": "2026-05-22T00:00:00-04:00",
    "endDate": "2026-05-25T00:00:00-04:00"
  },
  {
    "city": "Doraha, Punjab",
    "startDate": "2026-05-30T00:00:00+05:30",
    "endDate": "2026-06-06T00:00:00+05:30"
  },
  {
    "city": "Los Angeles, CA",
    "startDate": "2026-06-12T00:00:00-07:00",
    "endDate": "2026-06-14T00:00:00-07:00"
  },
  {
    "city": "San Antonio, TX",
    "startDate": "2026-06-19T00:00:00-05:00",
    "endDate": "2026-06-21T00:00:00-05:00"
  },
  {
    "city": "Edmonton, AB",
    "startDate": "2026-06-26T00:00:00-06:00",
    "endDate": "2026-06-28T00:00:00-06:00"
  },
  {
    "city": "San Francisco, CA",
    "startDate": "2026-07-02T00:00:00-07:00",
    "endDate": "2026-07-05T00:00:00-07:00"
  }
]
